<?xml version="1.0" encoding="UTF-8"?>
<!DOCTYPE suite SYSTEM "https://testng.org/testng-1.0.dtd">
<suite name="Suite">
<groups>
	<run>
		<include name="Purchase"/>
	</run>
</groups>

<listeners>
	<listener class-name="maddy.SeleniumFrameworkDesign.TestComponent.Listeneres"></listener>
</listeners>

  <test thread-count="5" name="Test">
    <classes>
      <class name="maddy.SeleniumFrameworkDesign.Tests.StandAloneTest"/>
      <class name="maddy.SeleniumFrameworkDesign.Tests.ErrorValidationsTest"/>
    </classes>
  </test> <!-- Test -->
</suite> <!-- Suite -->
