<?xml version="1.0" encoding="UTF-8"?>
<!DOCTYPE suite SYSTEM "https://testng.org/testng-1.0.dtd">
<suite name="Suite">
<parameter name="myName" value="Madhav Panchal"></parameter>
  <test name="Test1">

    <classes>
	  <class name="test.Day1">
		<methods>
			<exclude name="Third.*"></exclude>
		</methods>
	</class>
      <class name="test.Day2"/>
    </classes>
  </test> <!-- Test -->

  <test name="Test2">

    <classes>
      <class name="test.Day3">
		<methods>
			<include name="ThirdTest"></include>
			<!--exclude name="ThirdTest"></exclude--> <!--Commented these line-->
		</methods>
	  </class>
    </classes>
  </test> <!-- Test -->
</suite> <!-- Suite -->
